INTERNALWTO, 805794.0625  , 453326.84375 
151_D3_41819, 805736.5     , 453324.5     
157_D3_10522_D3_4, 805675.5625  , 453109.59375 
151_D3_786, 805743.125   , 453392.125   
157_D3_66760_D3_3, 805737.6875  , 453392.125   
WTO, 805794.0625  , 453326.84375 
OH164054, 805794.0625  , 453330.84375 
157_D3_9924_D3_1, 805689.0625  , 450679.1875  
157_D3_9925_D3_1, 805690.125   , 450496.6875  
157_D3_10523_D3_1, 805735.4375  , 452755.59375 
157_D3_9897_D3_1, 806183.375   , 452920.5625  
157_D3_25303_D3_1, 805742.8125  , 451906.09375 
157_D3_25304_D3_1, 805731.75    , 451116.125   
157_D3_26020_D3_6, 805794.0625  , 453356.84375 
157_D3_26020_D3_7, 805794.0625  , 453359.28125 
150_D3_12, 805794.0625  , 453363.875   
157_D3_26021_D3_2, 805794.125   , 453370.1875  
157_D3_26022_D3_5, 805794.125   , 453372.8125  
157_D3_26022_D3_6, 805794.0625  , 453392.125   
151_D3_42214, 805780.125   , 453392.125   
157_D3_66759_D3_2, 805743.125   , 453392.125   
151_D3_42221-B, 805794.0625  , 453330.84375 
157_D3_10839_D3_4, 805794.0625  , 453337.46875 
1390_D3_24438, 805794.0625  , 453343.96875 
157_D3_26019_D3_2, 805794.0625  , 453350.03125 
157_D3_9896_D3_3, 805736.5     , 453324.5     
151_D3_42220, 805794.125   , 453370.1875  
154_D3_98, 805782.75    , 453392.125   
157_D3_26031_D3_3, 805780.125   , 453392.125   
157_D3_26024_D3_6, 805782.75    , 453392.125   
155_D3_17500, 805794.0625  , 453337.46875 
157_D3_10840_D3_2, 805794.0625  , 453343.96875 
151_D3_42219, 805794.0625  , 453359.28125 
157_D3_26018_D3_2, 805794.0625  , 453363.875   
151_D3_42600, 805794.0625  , 453350.03125 
157_D3_9898_D3_1, 806180.25    , 450513.53125 
157_D3_10377_D3_1, 806452.75    , 450516.9375  
157_D3_10378_D3_1, 806738.0625  , 450513.71875 
157_D3_10379_D3_1, 806991.625   , 450747.96875 
157_D3_9900_D3_1, 805279.3125  , 450454.25    
157_D3_10380_D3_1, 805692.625   , 449827.09375 
157_D3_10381_D3_1, 805694.1875  , 449609.6875  
157_D3_10517_D3_1, 805695.8125  , 449501.1875  
157_D3_10518_D3_1, 805693.1875  , 449367.375   
157_D3_9901_D3_1, 805914.5     , 449370.09375 
157_D3_9902_D3_1, 805695.8125  , 449135.875   
157_D3_9904_D3_1, 805648.4375  , 449137.5     
157_D3_9905_D3_1, 805378.4375  , 449142.75    
157_D3_30237_D3_1, 805648.4375  , 449142.5     
157_D3_9906_D3_1, 805699.3125  , 448653.8125  
157_D3_9907_D3_2, 805737.8125  , 453641.34375 
157_D3_10324_D3_1, 814651.0625  , 469320.9375  
157_D3_10325_D3_1, 814457.125   , 469319.125   
157_D3_10327_D3_1, 814874.5625  , 470685.875   
157_D3_25209_D3_1, 814840.9375  , 470749.78125 
157_D3_25210_D3_1, 814837.125   , 471134.6875  
157_D3_25211_D3_1, 814832.375   , 471517.71875 
157_D3_25212_D3_1, 814827.625   , 471904.78125 
157_D3_25213_D3_1, 814784.6875  , 471907.90625 
157_D3_25214_D3_1, 814408.9375  , 471908.0625  
157_D3_25215_D3_1, 814053       , 471909.03125 
157_D3_10278_D3_1, 811615.375   , 470176.96875 
157_D3_10329_D3_1, 810978.375   , 470406.0625  
157_D3_10330_D3_1, 810952.625   , 470604.1875  
157_D3_10331_D3_1, 810950.4375  , 470688.375   
157_D3_10332_D3_1, 810662.5625  , 470631.53125 
157_D3_10333_D3_1, 810480.4375  , 470629.625   
157_D3_10277_D3_1, 811470.5     , 469930.34375 
158_D3_2271_D3_1, 811285.625   , 469998.96875 
157_D3_10328_D3_1, 810894.625   , 468944.0625  
157_D3_58708_D3_6, 810894.4375  , 468946.78125 
155_D3_16309, 810894.4375  , 468946.78125 
157_D3_58709_D3_12, 810892.1875  , 469220.21875 
157_D3_10276_D3_3, 810282.5     , 469226.65625 
157_D3_10830_D3_5, 810087.5625  , 469584.15625 
157_D3_30245_D3_1, 810082.5625  , 469584.09375 
155_D3_1164, 810082.5625  , 469584.09375 
158_D3_21101_D3_1, 809744.4375  , 469579.6875  
158_D3_19773_D3_1, 809973.6875  , 469499.6875  
158_D3_19774_D3_1, 809442.3125  , 468521.5     
157_D3_10831_D3_1, 810151.5625  , 469812.28125 
157_D3_10268_D3_1, 810089.4375  , 467582.875   
157_D3_10274_D3_1, 809837       , 467714.125   
157_D3_26377_D3_2, 808908.625   , 465570.21875 
157_D3_10340_D3_1, 808735.125   , 465668.21875 
157_D3_10239_D3_1, 807192.0625  , 462654.375   
157_D3_10241_D3_4, 806722.25    , 462831.21875 
157_D3_10242_D3_2, 806696.1875  , 462838.46875 
157_D3_79200_D3_2, 806693.3125  , 462837.53125 
155_D3_23912, 806693.3125  , 462837.53125 
158_D3_37485_D3_4, 806689.625   , 462830.6875  
157_D3_10220_D3_1, 804379.8125  , 461348.125   
157_D3_10248_D3_1, 804379.1875  , 461448.59375 
157_D3_19980_D3_1, 804374       , 462296.6875  
157_D3_19981_D3_1, 804369.3125  , 463145.15625 
157_D3_10257_D3_1, 804370.6875  , 463540.9375  
157_D3_10256_D3_1, 804368.1875  , 464052.59375 
157_D3_10255_D3_1, 804367.5     , 464223.1875  
157_D3_10254_D3_1, 804367.0625  , 464337.71875 
157_D3_32589_D3_1, 804351.6875  , 464640.21875 
157_D3_32590_D3_1, 804356.6875  , 464640.21875 
155_D3_1543, 804356.6875  , 464640.21875 
158_D3_25153_D3_1, 804433.5625  , 464641.1875  
158_D3_25154_D3_1, 805134.1875  , 464643.03125 
157_D3_10219_D3_1, 804252.6875  , 461345.375   
157_D3_10222_D3_1, 804055.5625  , 461349.6875  
151_D3_619, 804055.5625  , 461349.6875  
157_D3_10223_D3_1, 803271.75    , 461339       
157_D3_10224_D3_1, 803285.8125  , 461685.8125  
157_D3_10225_D3_1, 803019.375   , 461337.625   
157_D3_10226_D3_1, 803022.8125  , 461120.125   
157_D3_10227_D3_1, 802687.25    , 461336.1875  
157_D3_10228_D3_1, 802407.1875  , 461334.6875  
157_D3_10229_D3_1, 802123.625   , 461325.21875 
157_D3_10865_D3_1, 801935.25    , 461332.75    
157_D3_24195_D3_1, 802122.1875  , 461300       
157_D3_24196_D3_1, 802126.6875  , 461212.28125 
157_D3_24194_D3_1, 802126.6875  , 461082.84375 
157_D3_24192_D3_1, 802126.0625  , 460959.375   
157_D3_24193_D3_1, 802128.4375  , 460814.3125  
157_D3_24191_D3_1, 802129.0625  , 460696.375   
157_D3_24189_D3_1, 802130       , 460590.4375  
157_D3_24190_D3_1, 802130.1875  , 460479.0625  
157_D3_10250_D3_1, 802129.1875  , 460367.1875  
157_D3_24187_D3_1, 802133.5625  , 460143.28125 
157_D3_24188_D3_1, 802135.3125  , 459910.125   
157_D3_10530_D3_1, 802136.0625  , 459770.4375  
157_D3_24185_D3_1, 802136.4375  , 459631       
157_D3_24186_D3_1, 802137.875   , 459489.5     
157_D3_24184_D3_1, 802138.75    , 459374.21875 
157_D3_24183_D3_1, 802138.6875  , 459235.1875  
157_D3_24181_D3_1, 802142.625   , 459072.25    
157_D3_24182_D3_1, 802145.1875  , 458966.90625 
157_D3_10230_D3_1, 802405.1875  , 461310.1875  
157_D3_10249_D3_1, 802405.0625  , 461127.34375 
157_D3_17055_D3_1, 802407.125   , 461060.71875 
157_D3_10279_D3_1, 811924.6875  , 470695.0625  
157_D3_10284_D3_1, 812236.3125  , 471228.65625 
157_D3_10285_D3_1, 811922.8125  , 471229.375   
157_D3_10286_D3_1, 811650.8125  , 471234.65625 
157_D3_10287_D3_1, 812696.125   , 472018.625   
157_D3_10288_D3_1, 812973.25    , 471957.46875 
159_D3_11223_D3_1, 813015.875   , 471957.6875  
157_D3_10343_D3_1, 812489.25    , 472014.96875 
157_D3_10344_D3_1, 812032       , 472015.03125 
157_D3_10342_D3_1, 811676       , 472009.9375  
157_D3_10306_D3_1, 811367.0625  , 472011.625   
157_D3_10305_D3_1, 810967.625   , 472013.78125 
157_D3_11921_D3_1, 810939.625   , 471568.15625 
157_D3_11922_D3_1, 810944.125   , 471181.125   
157_D3_32234_D3_1, 810841.0625  , 471570       
157_D3_32235_D3_1, 810602.1875  , 471572.125   
157_D3_36711_D3_1, 812966.25    , 472472.53125 
157_D3_36714_D3_1, 814032.8125  , 474286.21875 
157_D3_10334_D3_1, 814010       , 474327.34375 
157_D3_10335_D3_1, 814194.125   , 476782.5     
157_D3_10290_D3_1, 814288       , 476605.5625  
157_D3_10291_D3_1, 814457.25    , 477171.1875  
151_D3_633, 814457.25    , 477171.1875  
157_D3_10292_D3_1, 814489.375   , 477260.125   
157_D3_10301_D3_1, 815702.8125  , 477550.84375 
157_D3_10302_D3_1, 817118.5     , 478813.34375 
157_D3_10303_D3_1, 817693.375   , 479356.8125  
157_D3_10304_D3_1, 818200.0625  , 479841.53125 
157_D3_10312_D3_1, 817989.375   , 479904.25    
157_D3_24495_D3_1, 818375.8125  , 480007.15625 
157_D3_24494_D3_1, 817163.5625  , 480085.03125 
157_D3_24496_D3_1, 816958.6875  , 480308.78125 
160_D3_36068_D3_1, 816965.375   , 480282.78125 
157_D3_25903_D3_1, 818682.625   , 480292.8125  
154_D3_312, 818682.625   , 480292.8125  
157_D3_25904_D3_1, 826416.25    , 487577.46875 
157_D3_10321_D3_2, 827426.5     , 488536.65625 
157_D3_10321_D3_3, 830362.8125  , 491166.53125 
157_D3_10322_D3_1, 841736.875   , 502389.6875  
157_D3_10270_D3_1, 839623.6875  , 505825.09375 
157_D3_9987_D3_1, 839286.25    , 506373.78125 
157_D3_9988_D3_1, 838866.5     , 506616.34375 
157_D3_10315_D3_1, 843180.0625  , 502274.9375  
157_D3_10316_D3_1, 842291.875   , 502957.1875  
157_D3_17129_D3_1, 826417       , 487577.4375  
154_D3_541, 826417       , 487577.4375  
157_D3_17130_D3_1, 827679.25    , 487749.375   
157_D3_10171_D3_1, 827742.0625  , 487756.6875  
157_D3_10172_D3_1, 832031.1875  , 489381.09375 
157_D3_10320_D3_1, 840339.6875  , 490278.75    
157_D3_10319_D3_1, 847276.8125  , 490636.875   
157_D3_10318_D3_2, 847511.25    , 490652.21875 
157_D3_10314_D3_3, 847566.4375  , 490617.34375 
157_D3_29478_D3_1, 849815.5625  , 490294.875   
157_D3_29479_D3_1, 851918.3125  , 490067.6875  
157_D3_28436_D3_1, 853291.25    , 490444.03125 
157_D3_10317_D3_2, 857672.0625  , 491668.3125  
157_D3_29480_D3_3, 858457.25    , 491888.1875  
157_D3_29481_D3_2, 865528.0625  , 493249.75    
157_D3_29711_D3_3, 867688.5625  , 493210.9375  
157_D3_32604_D3_1, 849712.75    , 493732.28125 
157_D3_10313_D3_1, 827432.875   , 487565.09375 
157_D3_10293_D3_1, 817436.25    , 478445.46875 
154_D3_102, 817436.25    , 478445.46875 
157_D3_10294_D3_1, 817698.25    , 478381.71875 
157_D3_10295_D3_1, 817977.0625  , 478328.625   
157_D3_10296_D3_1, 817203.6875  , 477747.46875 
157_D3_10176_D3_1, 817779.875   , 476984.0625  
157_D3_10177_D3_1, 818715.125   , 476645.125   
157_D3_10174_D3_1, 818722.5     , 476339.9375  
157_D3_10175_D3_1, 818731.125   , 475937.8125  
157_D3_10299_D3_1, 819094.3125  , 475943.875   
157_D3_10300_D3_1, 818232.8125  , 475272.375   
157_D3_10298_D3_1, 818760.8125  , 476649.40625 
157_D3_32561_D3_1, 801151.75    , 457546.21875 
157_D3_10407_D3_1, 801153.875   , 457259.28125 
157_D3_32591_D3_1, 801154.4375  , 457137.53125 
157_D3_32592_D3_1, 801152.875   , 457043.34375 
157_D3_32593_D3_1, 801155.9375  , 456910.46875 
157_D3_32594_D3_1, 801157.75    , 456762.03125 
157_D3_32595_D3_1, 801156.5625  , 456565.15625 
157_D3_32596_D3_1, 801156.375   , 456438.28125 
157_D3_32597_D3_1, 801158.25    , 456275.3125  
157_D3_32598_D3_1, 801166.5     , 456125.1875  
157_D3_34171_D3_1, 801162.375   , 455885.25    
157_D3_34172_D3_1, 801169.875   , 455784.5625  
159_D3_34551_D3_1, 801169.875   , 455784.5625  
157_D3_34172_D3_2, 801171.6875  , 455689.875   
157_D3_9903_D3_1, 801167.1875  , 455590.71875 
157_D3_37137_D3_1, 801152.0625  , 458310.8125  
157_D3_32554_D3_1, 800990.75    , 458311.0625  
157_D3_32555_D3_1, 800768.1875  , 458308.53125 
157_D3_9930_D3_1, 800768.8125  , 458191.125   
157_D3_10408_D3_1, 800769.75    , 458386.125   
157_D3_10408_D3_2, 800768.0625  , 458517.25    
157_D3_10409_D3_1, 800765.1875  , 458619.71875 
157_D3_10409_D3_2, 800765.125   , 458788.375   
157_D3_37130_D3_1, 800598.6875  , 458301.6875  
157_D3_37131_D3_1, 800502.6875  , 458300.53125 
157_D3_9932_D3_1, 800503.125   , 458298.59375 
157_D3_9941_D3_1, 800331.375   , 458300       
157_D3_33595_D3_1, 800292.25    , 458299.875   
157_D3_33593_D3_1, 800292.375   , 458247.5     
157_D3_33594_D3_1, 800292.375   , 458242.5     
155_D3_2397, 800292.375   , 458242.5     
158_D3_28497_D3_1, 800292.3125  , 458188.03125 
157_D3_33596_D3_1, 800180.6875  , 458301.65625 
157_D3_9943_D3_1, 800060.9375  , 458301.46875 
157_D3_10410_D3_1, 800062.375   , 458170.625   
157_D3_9983_D3_1, 800065.4375  , 458095.71875 
157_D3_9984_D3_1, 800063.375   , 458065.5625  
158_D3_2263_D3_2, 800063.5625  , 458065.46875 
157_D3_75994_D3_2, 800060.8125  , 458052.21875 
155_D3_20709, 800060.8125  , 458052.21875 
158_D3_98222_D3_1, 800059.875   , 458046.59375 
151_D3_59538-B, 800059.875   , 458046.59375 
158_D3_98218_D3_2, 800058.375   , 458046.59375 
158_D3_98215_D3_1, 800058.375   , 458045.59375 
158_D3_98216_D3_1, 800058.375   , 458044.59375 
158_D3_98217_D3_1, 800058.375   , 458043.59375 
158_D3_98221_D3_2, 800059.875   , 458043.59375 
151_D3_59535-B, 800059.875   , 458043.59375 
158_D3_31995_D3_7, 799926.8125  , 457555.09375 
151_D3_12608, 799926.8125  , 457555.09375 
158_D3_31989_D3_1, 799923.8125  , 457555.0625  
158_D3_31986_D3_1, 799923.8125  , 457552.5625  
158_D3_31988_D3_1, 799923.8125  , 457550.0625  
158_D3_31992_D3_1, 799926.8125  , 457550.09375 
151_D3_12606, 799926.8125  , 457550.09375 
158_D3_31998_D3_1, 799832       , 457159.5     
151_D3_11742, 799832       , 457159.5     
158_D3_30779_D3_1, 799829       , 457157.84375 
158_D3_30777_D3_1, 799829       , 457156.15625 
158_D3_30775_D3_1, 799832       , 457156.15625 
151_D3_626, 799832       , 457156.15625 
158_D3_2267_D3_1, 799986.5     , 457147.53125 
158_D3_30780_D3_1, 799832       , 457154.5     
151_D3_11744, 799832       , 457154.5     
158_D3_31941_D3_1, 799768.3125  , 456869.71875 
151_D3_12698, 799768.3125  , 456869.71875 
158_D3_31942_D3_1, 799765       , 456869.71875 
158_D3_31943_D3_2, 799765       , 456868.03125 
158_D3_31939_D3_1, 799768.3125  , 456868.03125 
151_D3_627, 799768.3125  , 456868.03125 
158_D3_123576_D3_4, 800121.75    , 456821.40625 
158_D3_31943_D3_1, 799768.5     , 456866.28125 
158_D3_31944_D3_1, 799768.25    , 456871.46875 
151_D3_12697, 799768.25    , 456871.46875 
158_D3_6792_D3_1, 799724.0625  , 456749.21875 
158_D3_30778_D3_1, 799832       , 457157.84375 
151_D3_11743, 799832       , 457157.84375 
158_D3_30781_D3_1, 800198.5     , 457299.28125 
158_D3_31999_D3_1, 799926.8125  , 457552.5625  
151_D3_12607, 799926.8125  , 457552.5625  
158_D3_32000_D3_1, 800014.75    , 457553.625   
157_D3_10415_D3_1, 799994.875   , 458307.84375 
157_D3_37132_D3_1, 799805.0625  , 458302.5     
157_D3_37133_D3_1, 799647       , 458304.21875 
157_D3_30248_D3_1, 799307       , 458311.28125 
157_D3_32733_D3_1, 799264.8125  , 458311.1875  
155_D3_198, 818760.8125  , 476649.40625 
158_D3_2272_D3_1, 819181.9375  , 476912.96875 
157_D3_10297_D3_1, 817036       , 477622.3125  
157_D3_10307_D3_1, 819571.5     , 478033.1875  
157_D3_16980_D3_1, 819566.5625  , 478035.90625 
155_D3_199, 819566.5625  , 478035.90625 
158_D3_2273_D3_1, 819571.375   , 478366.8125  
157_D3_17034_D3_1, 821444.625   , 477684.9375  
157_D3_17033_D3_1, 821526.1875  , 478242.65625 
157_D3_17035_D3_1, 822602.125   , 477469.46875 
157_D3_10170_D3_1, 822632.5625  , 475678.21875 
157_D3_10173_D3_1, 822638.125   , 475308.875   
157_D3_10169_D3_1, 823834.0625  , 474657.6875  
157_D3_10309_D3_1, 823839.4375  , 474213.96875 
157_D3_32482_D3_1, 824693.5625  , 474701.28125 
157_D3_32483_D3_2, 826477.5     , 476015.15625 
157_D3_89214_D3_2, 826204       , 475165       
157_D3_32483_D3_3, 826739.875   , 476056.15625 
157_D3_10310_D3_1, 826810.9375  , 476806.21875 
157_D3_27317_D3_1, 827940.25    , 476015.1875  
157_D3_27316_D3_1, 827936.8125  , 476639.1875  
157_D3_27319_D3_1, 827927.1875  , 476983.65625 
157_D3_27320_D3_1, 827916.1875  , 477338.6875  
157_D3_27321_D3_1, 828148.0625  , 477699.375   
157_D3_27322_D3_1, 828366.3125  , 478059.625   
157_D3_27323_D3_1, 828538.5625  , 478342.96875 
157_D3_27324_D3_1, 828783.5     , 478741.90625 
157_D3_27318_D3_1, 830392.75    , 475471.1875  
157_D3_10168_D3_1, 831117.0625  , 476298.375   
157_D3_10308_D3_1, 824119       , 477087.5     
157_D3_27619_D3_1, 823326.25    , 478654.78125 
157_D3_27618_D3_1, 825099.5625  , 478904.96875 
157_D3_27620_D3_1, 823714.375   , 479104.625   
157_D3_10311_D3_1, 823087.6875  , 483362.25    
157_D3_27697_D3_1, 817399       , 478163.09375 
157_D3_27698_D3_1, 817153       , 477980       
157_D3_10180_D3_1, 816956.6875  , 477826.0625  
157_D3_10179_D3_1, 816725.6875  , 477645.875   
157_D3_10178_D3_1, 816373.6875  , 477375       
157_D3_10519_D3_1, 814318.1875  , 477259.4375  
157_D3_10540_D3_1, 812633.25    , 470681.8125  
157_D3_10283_D3_1, 814679.75    , 474682.6875  
157_D3_10326_D3_1, 814608.5     , 470688.375   
157_D3_10184_D3_1, 816022.5     , 470684.46875 
157_D3_10185_D3_1, 816167.5     , 470687.03125 
157_D3_10280_D3_1, 816187.75    , 469323.53125 
157_D3_10281_D3_1, 816149.6875  , 471957.40625 
157_D3_10183_D3_1, 816269.1875  , 472355.25    
157_D3_10421_D3_1, 816270.5625  , 472537.75    
157_D3_10271_D3_1, 816260.875   , 473151.4375  
157_D3_10182_D3_1, 816241.1875  , 473617.46875 
157_D3_10181_D3_1, 816140.375   , 474061.1875  
157_D3_30246_D3_1, 816141.0625  , 474066.125   
155_D3_1165, 816141.0625  , 474066.125   
158_D3_21102_D3_1, 816158.1875  , 474194.03125 
158_D3_8488_D3_4, 816153       , 474573.03125 
151_D3_60303-B, 816153       , 474573.03125 
158_D3_98567_D3_2, 816153       , 474571.53125 
158_D3_98569_D3_1, 816152.375   , 474571.53125 
158_D3_98570_D3_1, 816151.8125  , 474571.53125 
158_D3_98571_D3_1, 816151.1875  , 474571.53125 
158_D3_98568_D3_2, 816151.1875  , 474573.03125 
151_D3_60306-B, 816151.1875  , 474573.03125 
158_D3_2276_D3_3, 817147.6875  , 474341.71875 
151_D3_636, 817147.6875  , 474341.71875 
158_D3_2277_D3_1, 817435.875   , 474358.4375  
158_D3_2278_D3_1, 817753.9375  , 474288.125   
151_D3_637, 817753.9375  , 474288.125   
158_D3_2279_D3_1, 817812.9375  , 473923.5     
158_D3_2280_D3_1, 817625.6875  , 473627.4375  
158_D3_7004_D3_1, 817082.75    , 474670.9375  
157_D3_10282_D3_1, 816150.375   , 471986.09375 
157_D3_10186_D3_1, 814892.3125  , 469322.625   
157_D3_10187_D3_1, 814833.6875  , 468001.625   
157_D3_10323_D3_1, 814367.5625  , 468003.46875 
157_D3_10192_D3_1, 738714.125   , 446230.375   
157_D3_10193_D3_1, 738542.125   , 443263.90625 
157_D3_10188_D3_1, 747659.125   , 448371.34375 
157_D3_10435_D3_1, 747660.25    , 448004.4375  
157_D3_10436_D3_1, 747661.875   , 447270.5625  
157_D3_10434_D3_1, 748000.875   , 446975.375   
157_D3_10189_D3_1, 748118.3125  , 447383.375   
157_D3_10190_D3_1, 748985.0625  , 446316       
158_D3_121157_D3_4, 749127.25    , 446315.25    
151_D3_77990-B, 749127.25    , 446315.25    
158_D3_121151_D3_2, 749127.25    , 446313.75    
158_D3_121154_D3_1, 749127.875   , 446313.71875 
158_D3_121156_D3_2, 749127.875   , 446315.21875 
151_D3_77989-B, 749127.875   , 446315.21875 
158_D3_121159_D3_3, 748823.0625  , 446669.9375  
158_D3_121153_D3_1, 749128.4375  , 446313.71875 
158_D3_121152_D3_1, 749129.0625  , 446313.71875 
158_D3_121150_D3_2, 749129.0625  , 446315.21875 
151_D3_77987-B, 749129.0625  , 446315.21875 
158_D3_121158_D3_2, 749382.125   , 446318.125   
157_D3_10167_D3_1, 749215.3125  , 449031.625   
157_D3_10437_D3_1, 748949.6875  , 449589.875   
157_D3_10438_D3_1, 748983.3125  , 449786.34375 
157_D3_10158_D3_1, 758235.4375  , 450644.5625  
157_D3_10441_D3_1, 758237.875   , 449957.4375  
157_D3_10442_D3_1, 758234.375   , 449746.34375 
157_D3_10114_D3_1, 762166.9375  , 450672.65625 
157_D3_10159_D3_1, 762170.375   , 450363.5625  
157_D3_10191_D3_1, 762155.625   , 450046.96875 
157_D3_10123_D3_1, 761531       , 450054       
157_D3_10124_D3_1, 762177.9375  , 449493.375   
157_D3_10113_D3_1, 763446.625   , 450673.3125  
157_D3_10444_D3_1, 763447.8125  , 450220.9375  
157_D3_10445_D3_1, 763446.4375  , 449715.09375 
157_D3_10446_D3_1, 763450.1875  , 449292.53125 
157_D3_10447_D3_1, 763454.9375  , 447742.09375 
157_D3_10121_D3_1, 763108.9375  , 447740.15625 
157_D3_10122_D3_1, 762760.9375  , 446447.3125  
157_D3_10110_D3_1, 768785.0625  , 450667.375   
157_D3_10111_D3_1, 768784.6875  , 450402.34375 
154_D3_479, 768784.6875  , 450402.34375 
157_D3_10448_D3_1, 768783.8125  , 450199.34375 
157_D3_10449_D3_1, 768783.3125  , 446732.46875 
157_D3_10152_D3_1, 768783.3125  , 446732.46875 
155_D3_200, 768783.3125  , 446732.46875 
157_D3_10155_D3_1, 767506.75    , 446734.6875  
157_D3_10156_D3_1, 767092.5     , 446732.4375  
157_D3_10153_D3_1, 768795.5625  , 440102.71875 
157_D3_10154_D3_1, 768792.9375  , 439967.65625 
157_D3_10163_D3_1, 768530.9375  , 439968.3125  
157_D3_10443_D3_1, 768810.5     , 436186.375   
157_D3_11924_D3_1, 768807.8125  , 434846.5     
157_D3_11923_D3_1, 766497.8125  , 434851.1875  
157_D3_11925_D3_1, 766107.0625  , 429543.4375  
157_D3_25611_D3_1, 779431.9375  , 438674.09375 
157_D3_25612_D3_1, 779068.875   , 437484.5625  
158_D3_8198_D3_1, 768311.125   , 440129.6875  
157_D3_10109_D3_1, 768780.8125  , 451401.3125  
158_D3_2261_D3_1, 769236.125   , 451189.625   
157_D3_27414_D3_1, 779731.375   , 458660.15625 
157_D3_27411_D3_1, 779729       , 458221.5625  
157_D3_27412_D3_1, 779720.9375  , 457293.625   
157_D3_10119_D3_1, 779720.0625  , 457090.21875 
158_D3_2755_D3_1, 779528.4375  , 457093.0625  
157_D3_10462_D3_1, 783365.875   , 458673.5     
157_D3_10460_D3_1, 783363.875   , 458370.15625 
157_D3_10461_D3_1, 783364.9375  , 458237.0625  
157_D3_10067_D3_1, 783365       , 458197.84375 
157_D3_10068_D3_1, 783104.6875  , 458233.34375 
157_D3_10063_D3_1, 784728.125   , 458879.21875 
157_D3_10465_D3_1, 784611.9375  , 458999.75    
157_D3_10466_D3_1, 784475.9375  , 459141       
157_D3_10471_D3_1, 786364.625   , 461280.125   
158_D3_2259_D3_1, 786358.375   , 461121.53125 
157_D3_32477_D3_1, 787342.75    , 461278.71875 
157_D3_34695_D3_1, 787319.9375  , 461691.25    
157_D3_34696_D3_1, 787136       , 461690.75    
157_D3_10053_D3_1, 787674.125   , 461264.90625 
157_D3_10086_D3_1, 787677.9375  , 461760.03125 
157_D3_10087_D3_1, 787677.0625  , 461880.125   
157_D3_10091_D3_1, 787999.6875  , 461267       
157_D3_10089_D3_1, 788008.625   , 461507.59375 
157_D3_10090_D3_1, 788006.0625  , 461721.09375 
157_D3_10088_D3_1, 788001.5     , 462102.65625 
157_D3_10010_D3_1, 787904.875   , 462100.84375 
157_D3_10011_D3_1, 787997.75    , 462273.21875 
157_D3_10141_D3_1, 790972.8125  , 461353.46875 
157_D3_10139_D3_1, 790960.5625  , 461197.75    
157_D3_10142_D3_1, 790961.3125  , 460942.46875 
157_D3_10143_D3_1, 790961.5     , 460829.625   
157_D3_10144_D3_1, 790958.4375  , 460668.40625 
157_D3_10000_D3_1, 789950.5625  , 462621.28125 
157_D3_10493_D3_1, 790122.25    , 462623.15625 
157_D3_10494_D3_1, 790299.9375  , 462624.15625 
157_D3_10497_D3_1, 790635.375   , 462628.65625 
157_D3_10498_D3_1, 790839.25    , 462640.90625 
157_D3_10499_D3_1, 791253       , 462644.25    
157_D3_9996_D3_1, 789956.0625  , 461957.53125 
157_D3_10130_D3_1, 790052.8125  , 461962.40625 
157_D3_10131_D3_1, 790535.75    , 461974.78125 
157_D3_10132_D3_1, 790523.4375  , 462222.21875 
157_D3_10133_D3_1, 790660.3125  , 461976.84375 
157_D3_10134_D3_1, 790803       , 461980.53125 
157_D3_10135_D3_1, 791059       , 462246.09375 
157_D3_9995_D3_1, 789957.875   , 461661.53125 
157_D3_10495_D3_1, 790230.4375  , 461662.375   
157_D3_10496_D3_1, 790626.625   , 461660.21875 
157_D3_9994_D3_1, 789960.125   , 461352.53125 
157_D3_10006_D3_1, 789957.9375  , 461285.5     
157_D3_19923_D3_1, 789965       , 461106.78125 
157_D3_10007_D3_1, 789776.4375  , 461283.75    
154_D3_101, 789776.4375  , 461283.75    
157_D3_10481_D3_1, 789410.0625  , 461284.09375 
157_D3_10482_D3_1, 789171.3125  , 461279.125   
157_D3_10480_D3_1, 789146.0625  , 461277.78125 
157_D3_10008_D3_1, 789144.6875  , 461142.3125  
157_D3_10478_D3_1, 788970       , 461275.78125 
157_D3_10479_D3_1, 788807.5625  , 461275.9375  
157_D3_10477_D3_1, 788681.9375  , 461273.65625 
157_D3_10009_D3_1, 788674       , 461568.03125 
157_D3_10475_D3_1, 788551.0625  , 461271.25    
157_D3_10476_D3_1, 788394.5     , 461271.15625 
157_D3_10474_D3_1, 788239.9375  , 461269.96875 
157_D3_10473_D3_1, 788108.4375  , 461270.78125 
157_D3_10054_D3_1, 787387.875   , 461278.6875  
157_D3_10472_D3_1, 787380.375   , 460787.875   
157_D3_29255_D3_1, 787371.875   , 460436.3125  
157_D3_29253_D3_1, 788073.8125  , 460437.8125  
157_D3_29254_D3_1, 788255.25    , 460437.8125  
157_D3_40353_D3_1, 787373.375   , 460356.53125 
157_D3_40354_D3_1, 787366.25    , 459979.1875  
157_D3_10055_D3_1, 787365.375   , 459924.0625  
157_D3_10056_D3_1, 787887.8125  , 459973.4375  
157_D3_32478_D3_1, 786933.125   , 461279.15625 
157_D3_10469_D3_1, 786221.625   , 461281.09375 
157_D3_10470_D3_1, 786012.25    , 461279.40625 
157_D3_10057_D3_1, 786281.75    , 460649.5625  
157_D3_10467_D3_1, 785183.875   , 461335.78125 
157_D3_10468_D3_1, 784785.0625  , 461337.96875 
157_D3_10098_D3_1, 784750.25    , 461339.8125  
151_D3_632, 784750.25    , 461339.8125  
157_D3_10058_D3_1, 784717.625   , 461340.125   
157_D3_9981_D3_1, 784718.5     , 461438.25    
157_D3_10059_D3_1, 784719.375   , 460904.5     
157_D3_10060_D3_1, 784445.125   , 460887.40625 
157_D3_10096_D3_1, 784723.9375  , 460595.03125 
157_D3_10097_D3_1, 784723.8125  , 460400.03125 
157_D3_10061_D3_1, 784541.0625  , 460410.21875 
157_D3_10094_D3_1, 784724.1875  , 459994.28125 
157_D3_10095_D3_1, 784724.875   , 459536.375   
157_D3_10062_D3_1, 784287.125   , 459531.3125  
157_D3_10064_D3_1, 784727.25    , 458672.96875 
157_D3_10065_D3_1, 784769.8125  , 458664.4375  
157_D3_10066_D3_1, 785065.25    , 458663.5     
157_D3_10092_D3_1, 784732.25    , 458242.1875  
157_D3_10093_D3_1, 784732.9375  , 458023.40625 
157_D3_10075_D3_1, 784734.125   , 458013.6875  
157_D3_10076_D3_1, 784740.125   , 457476.8125  
157_D3_10074_D3_1, 784519.625   , 456231.1875  
157_D3_10077_D3_1, 784976.375   , 458024.40625 
157_D3_25575_D3_1, 785025.9375  , 457948.1875  
157_D3_25574_D3_1, 785051.625   , 457984.1875  
157_D3_37134_D3_1, 799206.6875  , 458310.5625  
157_D3_37135_D3_1, 799201.125   , 458711.34375 
157_D3_9944_D3_1, 799232.125   , 458715.71875 
157_D3_9945_D3_1, 799182.0625  , 458716.40625 
157_D3_9946_D3_1, 798883.0625  , 458714.75    
154_D3_99, 798883.0625  , 458714.75    
157_D3_10418_D3_1, 798571.75    , 458716.9375  
157_D3_10419_D3_1, 796176.25    , 459074.375   
157_D3_10420_D3_1, 795862.0625  , 459073.125   
157_D3_9949_D3_1, 795290.3125  , 459073.90625 
157_D3_9951_D3_1, 795288       , 459629.8125  
157_D3_13456_D3_1, 795268.0625  , 461028.875   
157_D3_13457_D3_1, 795266.375   , 461212.1875  
157_D3_9953_D3_1, 795264.5625  , 461369.96875 
157_D3_9955_D3_1, 794903.375   , 461365.875   
157_D3_9957_D3_1, 794578.5625  , 461365.25    
157_D3_10024_D3_1, 794553.125   , 461364.0625  
157_D3_22768_D3_1, 794252.8125  , 461366.0625  
157_D3_22769_D3_1, 794141.75    , 461364.3125  
157_D3_10025_D3_1, 793402.25    , 461366.34375 
157_D3_9962_D3_1, 793308.5     , 461366.1875  
157_D3_10148_D3_1, 792675.8125  , 461361.5625  
157_D3_10149_D3_1, 792633.625   , 461365.40625 
157_D3_10147_D3_1, 792373.3125  , 461357.1875  
157_D3_28081_D3_1, 792229.0625  , 461357.0625  
158_D3_15610_D3_1, 792221.9375  , 461516.4375  
157_D3_28082_D3_1, 792029.125   , 461355.71875 
157_D3_10146_D3_1, 791796.9375  , 461358.875   
157_D3_10145_D3_1, 791671.0625  , 461354.75    
157_D3_9993_D3_1, 791674.6875  , 461069.78125 
157_D3_40408_D3_1, 791699.75    , 461012.21875 
158_D3_37647_D3_1, 791905.6875  , 461054.46875 
157_D3_10140_D3_1, 791106.6875  , 461354.53125 
157_D3_10137_D3_1, 790922.6875  , 461353.875   
157_D3_10138_D3_1, 790294.875   , 461353.90625 
157_D3_10136_D3_1, 790045.1875  , 461354.625   
151_D3_631, 790045.1875  , 461354.625   
157_D3_9997_D3_1, 789462.0625  , 461953.25    
159_D3_12032_D3_1, 789398.875   , 461935.875   
157_D3_9998_D3_1, 789951.625   , 462382.125   
157_D3_9999_D3_1, 789700.5     , 462328.3125  
157_D3_10002_D3_1, 789949.3125  , 462973.84375 
157_D3_10489_D3_1, 789946.4375  , 463100.625   
157_D3_10490_D3_1, 789942       , 463305.375   
157_D3_10485_D3_1, 789942.75    , 463530.625   
157_D3_10001_D3_1, 789647.0625  , 463540.40625 
157_D3_10082_D3_1, 789940.4375  , 463787.0625  
157_D3_10083_D3_1, 789939.3125  , 463973.90625 
157_D3_10003_D3_1, 789937.1875  , 464162.9375  
157_D3_10004_D3_1, 789936.0625  , 464399.875   
157_D3_10005_D3_1, 789665.25    , 464566.5     
157_D3_10486_D3_1, 789935.0625  , 464617.1875  
157_D3_10487_D3_1, 789931.125   , 464842.875   
157_D3_10488_D3_1, 789932.9375  , 464937.0625  
157_D3_33166_D3_1, 789932.875   , 465158.5625  
157_D3_10483_D3_1, 789729.625   , 464156.125   
157_D3_10484_D3_1, 789516.25    , 464155.25    
157_D3_10080_D3_1, 790510.5     , 463962.25    
157_D3_10081_D3_1, 791071.6875  , 463970.09375 
157_D3_10079_D3_1, 791942.3125  , 464305.78125 
157_D3_10078_D3_1, 791939.375   , 464600.59375 
157_D3_10491_D3_1, 790054       , 462975.5625  
157_D3_10492_D3_1, 790763.4375  , 462980.6875  
157_D3_10085_D3_1, 789543.5     , 462629.59375 
157_D3_29761_D3_1, 789118.75    , 462628.40625 
157_D3_29762_D3_1, 788701.625   , 462625.1875  
157_D3_10084_D3_1, 788400.875   , 462625.71875 
157_D3_25577_D3_1, 785427.1875  , 457979.71875 
157_D3_25578_D3_1, 785431.6875  , 457543.53125 
157_D3_25576_D3_1, 785027.5     , 457469.59375 
157_D3_10463_D3_1, 783749.8125  , 458673.28125 
157_D3_10464_D3_1, 783493.75    , 458670.9375  
157_D3_10458_D3_1, 783231.5     , 458665.03125 
157_D3_10459_D3_1, 783032.25    , 458671.875   
157_D3_10457_D3_1, 782070.4375  , 458666.125   
157_D3_10069_D3_1, 782070.8125  , 457628.875   
157_D3_10070_D3_1, 782072.3125  , 457231.46875 
157_D3_10071_D3_1, 782071.1875  , 456932.09375 
157_D3_10072_D3_1, 783059.5     , 456945.53125 
157_D3_10073_D3_1, 782073.5625  , 456278.375   
158_D3_2260_D3_1, 781809.0625  , 457230.78125 
157_D3_10455_D3_1, 781737.5625  , 457622.40625 
157_D3_10456_D3_1, 781683.25    , 457482.96875 
157_D3_10453_D3_1, 782068.4375  , 459582.65625 
157_D3_10454_D3_1, 782069.25    , 459822.875   
157_D3_10120_D3_1, 782661.9375  , 459827.84375 
157_D3_10452_D3_1, 783018.75    , 459827.125   
157_D3_28166_D3_1, 782061.1875  , 460220.5     
157_D3_28167_D3_1, 782064.25    , 460888.34375 
157_D3_10099_D3_1, 782400.625   , 460874.25    
157_D3_10100_D3_1, 782053.875   , 461269.3125  
157_D3_10115_D3_1, 781637.9375  , 461266.84375 
157_D3_10116_D3_1, 780733.6875  , 461268.1875  
157_D3_10117_D3_1, 782708.125   , 461270.625   
157_D3_10118_D3_1, 782801.75    , 461272.8125  
157_D3_27413_D3_1, 781572.9375  , 458663.375   
157_D3_10101_D3_1, 778122.8125  , 456050.625   
157_D3_10102_D3_1, 778017.125   , 455835.03125 
157_D3_10103_D3_1, 777875.125   , 455543.5     
157_D3_10450_D3_1, 777771.4375  , 456048.5625  
157_D3_10451_D3_1, 776333.3125  , 456040.46875 
157_D3_10104_D3_1, 776328.4375  , 455732.625   
157_D3_10105_D3_1, 776194.625   , 456041.34375 
157_D3_10161_D3_1, 776125.75    , 456419.03125 
157_D3_10162_D3_1, 776053.125   , 456815.625   
157_D3_10106_D3_1, 775807       , 456037.90625 
154_D3_103, 775807       , 456037.90625 
157_D3_10107_D3_1, 775040.375   , 456031.53125 
150_D3_8, 775040.375   , 456031.53125 
157_D3_29251_D3_1, 771443.9375  , 456015.6875  
157_D3_29250_D3_1, 771472.375   , 458477.84375 
157_D3_29252_D3_1, 768769.75    , 455995.71875 
157_D3_10160_D3_1, 768780.875   , 454414.40625 
157_D3_10108_D3_1, 769647.125   , 454498.28125 
157_D3_9989_D3_1, 765642.3125  , 450670.0625  
157_D3_9990_D3_1, 763978.25    , 450671.75    
157_D3_10112_D3_1, 764108.625   , 450215.90625 
157_D3_10157_D3_1, 761396.9375  , 450672.15625 
157_D3_10125_D3_1, 757174.0625  , 450637.59375 
157_D3_10126_D3_1, 757142.6875  , 450351.625   
157_D3_10127_D3_1, 756685       , 450632.28125 
150_D3_9, 756685       , 450632.28125 
157_D3_10128_D3_1, 755053.1875  , 450433.84375 
157_D3_10129_D3_1, 755141       , 450067.96875 
157_D3_32382_D3_1, 754281.75    , 450256.90625 
157_D3_32379_D3_1, 754277.5625  , 450716.34375 
154_D3_618, 754277.5625  , 450716.34375 
157_D3_32380_D3_1, 751668.6875  , 454290       
157_D3_32381_D3_1, 753870.75    , 461223.8125  
157_D3_32384_D3_1, 753491.0625  , 465440.96875 
157_D3_32383_D3_1, 752933.0625  , 449938.03125 
157_D3_10150_D3_1, 752937.375   , 449039.65625 
157_D3_10439_D3_6, 752938.3125  , 448171.125   
157_D3_10439_D3_7, 752620.75    , 446089.46875 
157_D3_17056_D3_1, 802408.3125  , 460951.6875  
157_D3_17054_D3_1, 802406.4375  , 460820.4375  
157_D3_17052_D3_1, 802407.9375  , 460706.21875 
157_D3_17053_D3_1, 802408.75    , 460601       
157_D3_17050_D3_1, 802411.0625  , 460488.1875  
157_D3_17051_D3_1, 802410.375   , 460374.84375 
157_D3_10531_D3_1, 802413.1875  , 460262.9375  
157_D3_10532_D3_1, 802412.6875  , 460145.34375 
157_D3_17048_D3_1, 802415.375   , 459827.15625 
157_D3_17049_D3_1, 802415.0625  , 459690.125   
157_D3_17046_D3_1, 802417.125   , 459545.96875 
157_D3_17047_D3_1, 802418.8125  , 459401.96875 
157_D3_17045_D3_1, 802420.5625  , 459283.5     
157_D3_10368_D3_1, 802421.8125  , 459132.21875 
157_D3_10369_D3_1, 802421.75    , 458988.03125 
157_D3_10366_D3_1, 802685.0625  , 461317.34375 
157_D3_10367_D3_1, 802686.875   , 461171.5625  
157_D3_35698_D3_1, 802690.8125  , 461007.875   
157_D3_36720_D3_1, 802691.1875  , 461002.09375 
157_D3_10209_D3_1, 804258.875   , 458712.15625 
157_D3_10524_D3_1, 804365       , 458714.15625 
157_D3_10525_D3_1, 804504.6875  , 458714.15625 
157_D3_10370_D3_1, 804256.0625  , 458402.125   
157_D3_26396_D3_1, 804248.0625  , 458348.3125  
157_D3_36723_D3_1, 804090.0625  , 458438.4375  
157_D3_9992_D3_1, 804498.9375  , 457458.53125 
157_D3_10207_D3_1, 804666.5625  , 457391.15625 
157_D3_9919_D3_1, 804226       , 456986.59375 
157_D3_34686_D3_1, 804183.8125  , 457011.4375  
157_D3_34687_D3_1, 804129.5     , 457042.4375  
151_D3_616, 804129.5     , 457042.4375  
157_D3_10385_D3_1, 803985.0625  , 457124.21875 
157_D3_10386_D3_1, 803861.0625  , 457190.71875 
157_D3_10389_D3_1, 803646.875   , 457317.46875 
157_D3_10390_D3_1, 803503.125   , 457400.90625 
157_D3_10391_D3_1, 803307.125   , 457513.5625  
157_D3_30206_D3_1, 803161       , 457601.3125  
157_D3_30207_D3_1, 803059.875   , 457653.71875 
157_D3_10392_D3_1, 802964.75    , 457713.25    
157_D3_27989_D3_1, 802788       , 457816.8125  
157_D3_27990_D3_1, 802675.625   , 457878.46875 
157_D3_9921_D3_1, 802298.875   , 458091.625   
157_D3_9926_D3_1, 802153.625   , 458177.8125  
157_D3_9927_D3_1, 802022.5     , 458253.875   
157_D3_9928_D3_1, 802090.1875  , 458067.96875 
157_D3_10393_D3_1, 802153.0625  , 458032.3125  
157_D3_10394_D3_1, 802299.1875  , 457948.71875 
157_D3_10395_D3_1, 801954.3125  , 458146.71875 
157_D3_10396_D3_1, 801832.5625  , 458216.625   
157_D3_37118_D3_1, 801740.9375  , 458270.71875 
157_D3_37119_D3_1, 801525.3125  , 458310.3125  
157_D3_10398_D3_1, 801525.5625  , 458127.375   
157_D3_10399_D3_1, 801526.9375  , 458000.46875 
157_D3_30193_D3_1, 801526.1875  , 457738.03125 
157_D3_30194_D3_1, 801526.9375  , 457601.625   
157_D3_9939_D3_1, 801526.25    , 457474.28125 
157_D3_10402_D3_1, 801528.6875  , 457202.5     
157_D3_10403_D3_1, 801528.1875  , 457020.09375 
157_D3_10533_D3_1, 801528.1875  , 456786.9375  
157_D3_10534_D3_1, 801527       , 456655.4375  
157_D3_10401_D3_1, 801531.25    , 456252.1875  
157_D3_28549_D3_1, 801532.6875  , 456100.0625  
157_D3_28550_D3_1, 801535.1875  , 455966.625   
157_D3_10400_D3_1, 801538.4375  , 455702.03125 
157_D3_9980_D3_1, 801538.625   , 455610.71875 
157_D3_10404_D3_1, 801524.75    , 458404.5     
157_D3_10405_D3_1, 801524.625   , 458573.5     
157_D3_10800_D3_1, 801524.625   , 458613.03125 
157_D3_37136_D3_1, 801280.5     , 458307.65625 
157_D3_9938_D3_1, 801146.8125  , 458120.09375 
157_D3_32558_D3_1, 801146       , 457947.75    
157_D3_32559_D3_1, 801149.9375  , 457803.375   
157_D3_32560_D3_1, 801149.5     , 457664.6875  
157_D3_33597_D3_1, 751220.3125  , 446139.15625 
157_D3_33599_D3_1, 751215.3125  , 446139.15625 
155_D3_2398, 751215.3125  , 446139.15625 
158_D3_28519_D3_1, 750682.9375  , 446074.375   
151_D3_10711, 750682.9375  , 446074.375   
158_D3_28520_D3_1, 750681.4375  , 446071.375   
158_D3_28521_D3_1, 750679.9375  , 446074.375   
158_D3_28522_D3_1, 750681.4375  , 446074.375   
151_D3_10713, 750681.4375  , 446074.375   
158_D3_28523_D3_1, 750504.6875  , 446198.8125  
158_D3_31601_D3_1, 750223.5     , 446268.59375 
157_D3_10439_D3_2, 752624.3125  , 446019.75    
157_D3_10440_D3_1, 752633.5     , 445707.3125  
158_D3_2262_D3_1, 753151.375   , 448855.21875 
158_D3_31907_D3_1, 753595.625   , 448347.03125 
157_D3_10151_D3_1, 749842.375   , 449220.875   
157_D3_10164_D3_1, 749765       , 449450.65625 
157_D3_10165_D3_1, 751926.3125  , 450514.75    
157_D3_10166_D3_1, 749633.625   , 449822.59375 
157_D3_10042_D3_1, 733508.5625  , 446233.71875 
157_D3_10433_D3_1, 724621.875   , 446629.0625  
157_D3_13454_D3_1, 724493.0625  , 446536.5     
157_D3_13455_D3_1, 706496.75    , 433269.90625 
157_D3_10040_D3_1, 705827.0625  , 432027.5     
157_D3_10041_D3_1, 705598.6875  , 431597.09375 
157_D3_10206_D3_1, 701056.5625  , 423150.84375 
157_D3_29283_D3_1, 705536.75    , 431619.96875 
157_D3_10205_D3_1, 693010.6875  , 434821.1875  
157_D3_10203_D3_1, 705645.1875  , 433161.84375 
157_D3_10204_D3_1, 705618.6875  , 432904.625   
157_D3_26380_D3_1, 705209.875   , 433107.40625 
157_D3_26378_D3_1, 705185.125   , 433041.1875  
157_D3_26379_D3_1, 705143.125   , 432671.9375  
157_D3_26381_D3_1, 704872.5625  , 433060.65625 
157_D3_10194_D3_1, 724583.1875  , 446776.8125  
154_D3_104, 724583.1875  , 446776.8125  
157_D3_10038_D3_1, 720516.8125  , 457342.6875  
157_D3_10039_D3_2, 718352.125   , 461400.59375 
157_D3_92857_D3_2, 717742.9375  , 460782.90625 
157_D3_10039_D3_3, 716691       , 464467.6875  
157_D3_10037_D3_1, 711908.9375  , 473633.625   
157_D3_10196_D3_1, 687854.1875  , 470579.6875  
157_D3_10197_D3_1, 688040.625   , 471179.375   
157_D3_10198_D3_1, 687337.1875  , 472175.59375 
157_D3_10199_D3_1, 687710.4375  , 471822.96875 
157_D3_10200_D3_1, 686242.5625  , 474469.125   
157_D3_10030_D3_1, 680992       , 482162.78125 
157_D3_10031_D3_1, 680472.875   , 483016.21875 
157_D3_10202_D3_1, 680052.1875  , 482671.5625  
157_D3_10028_D3_2, 679716.0625  , 484096.53125 
157_D3_69570_D3_3, 680584.6875  , 484434.46875 
157_D3_10028_D3_3, 678530.9375  , 485071.53125 
157_D3_10029_D3_1, 677875.3125  , 485538.03125 
157_D3_10027_D3_1, 677754.6875  , 485838.78125 
157_D3_10026_D3_1, 677686.5625  , 486280.5625  
157_D3_40407_D3_1, 677686.5625  , 486461       
157_D3_10201_D3_1, 684383.4375  , 474314.59375 
157_D3_10411_D3_1, 711942.375   , 473656.9375  
154_D3_480, 711942.375   , 473656.9375  
157_D3_10412_D3_1, 714249.875   , 475666.3125  
157_D3_10036_D3_1, 715798.75    , 476528.375   
157_D3_10032_D3_1, 714848.75    , 483556.84375 
157_D3_11919_D3_1, 715118.125   , 483836.40625 
157_D3_11918_D3_1, 714744.75    , 485837.40625 
157_D3_11920_D3_1, 715276.25    , 483999.96875 
157_D3_10413_D3_1, 715805.125   , 476530.34375 
154_D3_481, 715805.125   , 476530.34375 
157_D3_10414_D3_1, 716755.9375  , 476994.90625 
157_D3_10035_D3_1, 717246.875   , 477338       
157_D3_10033_D3_1, 717666.6875  , 477879.8125  
157_D3_10034_D3_1, 718189.125   , 477803.625   
159_D3_11970_D3_1, 718244.25    , 477723.90625 
157_D3_10195_D3_1, 717220.875   , 477747.125   
158_D3_25341_D3_1, 799715       , 458741       
158_D3_25337_D3_1, 799715       , 458738.03125 
158_D3_25339_D3_1, 799717.625   , 458741       
158_D3_25336_D3_1, 799717.6875  , 458738.0625  
157_D3_32556_D3_1, 801145.3125  , 458387.125   
157_D3_32557_D3_1, 801144.125   , 458517.875   
157_D3_9940_D3_1, 801142.8125  , 458646.625   
157_D3_36220_D3_1, 802379.625   , 458295.625   
157_D3_9937_D3_1, 802429.8125  , 458380.375   
157_D3_9935_D3_1, 802476.875   , 458462.4375  
157_D3_9934_D3_1, 802529.3125  , 458554.21875 
157_D3_65574_D3_1, 805736.5625  , 453641.34375 
157_D3_64347_D3_2, 805794.0625  , 453397.46875 
157_D3_64348_D3_2, 805794.0625  , 453413.96875 
157_D3_64349_D3_1, 805795.875   , 453413.96875 
157_D3_64350_D3_3, 805802       , 453413.96875 
151_D3_42215, 805802       , 453413.96875 
OH164056, 805805.1875  , 453413.96875 
157_D3_65962_D3_2, 805794.0625  , 453418.03125 
155_D3_17501, 805794.0625  , 453418.03125 
157_D3_65963_D3_2, 805794.0625  , 453421.6875  
OH164055, 805782.75    , 453413.96875 
157_D3_26026_D3_5, 805799.8125  , 453392.125   
151_D3_42217, 805799.8125  , 453392.125   
157_D3_26025_D3_2, 805802       , 453392.125   
157_D3_10841_D3_1, 805805.1875  , 453392.125   
157_D3_65960_D3_3, 805801.625   , 453363.9375  
157_D3_65959_D3_2, 805801.625   , 453363.9375  
157_D3_10503_D3_1, 792609.4375  , 462112.09375 
157_D3_10504_D3_1, 792611.0625  , 462300.15625 
157_D3_10505_D3_1, 792609.5     , 462474.375   
157_D3_9963_D3_1, 792871.25    , 462472.28125 
157_D3_10506_D3_1, 792608.125   , 462643.1875  
157_D3_10507_D3_1, 792606.25    , 462808.6875  
157_D3_10508_D3_1, 792710.5625  , 462813.125   
157_D3_10509_D3_1, 792866.9375  , 462812.46875 
157_D3_10510_D3_1, 792944.375   , 462814.09375 
157_D3_10513_D3_1, 793235.625   , 462878.90625 
157_D3_10514_D3_1, 793234.25    , 463061.375   
157_D3_9965_D3_1, 793095.625   , 463061.1875  
157_D3_9966_D3_1, 793238.875   , 463179.625   
157_D3_10515_D3_1, 793330.375   , 463060.09375 
157_D3_10516_D3_1, 793545.5625  , 463060.78125 
157_D3_9973_D3_1, 793808.625   , 463060.25    
157_D3_9972_D3_1, 793357.3125  , 463280.1875  
157_D3_9967_D3_1, 793354.9375  , 463655.78125 
157_D3_9968_D3_1, 792958.3125  , 463800.21875 
157_D3_10511_D3_1, 792605.8125  , 463102.875   
157_D3_10512_D3_1, 792604.875   , 463288.75    
157_D3_9964_D3_1, 792560.625   , 463484.15625 
157_D3_10500_D3_1, 793305.0625  , 461097.34375 
157_D3_10501_D3_1, 793144.75    , 461976.59375 
157_D3_10502_D3_1, 793041.1875  , 461991.71875 
157_D3_9958_D3_1, 793682.6875  , 461292.0625  
158_D3_5277_D3_1, 794253.75    , 461541.78125 
157_D3_9956_D3_1, 794906.5625  , 461561.59375 
157_D3_10432_D3_1, 795260.4375  , 461670.34375 
157_D3_10023_D3_1, 795261.8125  , 462081.75    
157_D3_10430_D3_1, 795261.4375  , 462238.6875  
157_D3_10431_D3_1, 795260.8125  , 462453.28125 
157_D3_10429_D3_1, 795259.6875  , 462656.8125  
157_D3_9969_D3_1, 795256.875   , 463051.59375 
157_D3_9970_D3_1, 795257.125   , 463323.1875  
157_D3_9961_D3_1, 795262.4375  , 463846.65625 
157_D3_10423_D3_1, 795103.4375  , 463321.4375  
157_D3_10424_D3_1, 794691.0625  , 463319.71875 
157_D3_10425_D3_1, 794370.8125  , 463303.15625 
157_D3_10426_D3_1, 794065.9375  , 463299.0625  
157_D3_10427_D3_1, 794919.8125  , 462657.875   
157_D3_10428_D3_1, 794504.0625  , 462659.71875 
157_D3_9971_D3_1, 794221.3125  , 462654.65625 
157_D3_9959_D3_1, 794218.1875  , 462685.625   
157_D3_9960_D3_1, 794218.6875  , 462192.15625 
157_D3_9954_D3_1, 795962.25    , 461369.65625 
157_D3_27237_D3_1, 795680.25    , 461211.1875  
157_D3_9952_D3_1, 795464.1875  , 459629.28125 
157_D3_30251_D3_1, 795464.625   , 459632.5625  
157_D3_9950_D3_1, 795294.875   , 458690.125   
157_D3_9948_D3_1, 795855.9375  , 458711.9375  
157_D3_9947_D3_2, 795862.25    , 459327.25    
157_D3_78395_D3_2, 795862.25    , 459330.25    
155_D3_23108, 795862.25    , 459330.25    
158_D3_98214_D3_1, 795883.75    , 459363.90625 
151_D3_59534-B, 795883.75    , 459363.90625 
158_D3_98210_D3_2, 795885.25    , 459363.875   
158_D3_98207_D3_1, 795885.25    , 459364.875   
158_D3_98208_D3_1, 795885.25    , 459365.875   
158_D3_98209_D3_1, 795885.25    , 459366.875   
158_D3_98213_D3_2, 795883.75    , 459366.90625 
151_D3_59531-B, 795883.75    , 459366.90625 
158_D3_2275_D3_5, 795890.1875  , 460414.03125 
158_D3_36818_D3_1, 795890.1875  , 460417.03125 
157_D3_75995_D3_1, 799185.5625  , 458725.21875 
155_D3_20710, 799185.5625  , 458725.21875 
158_D3_7005_D3_4, 799708.875   , 458738.03125 
151_D3_8677, 799708.875   , 458738.03125 
158_D3_25342_D3_1, 799708.875   , 458741       
158_D3_25340_D3_1, 799711.875   , 458741       
158_D3_25338_D3_1, 799711.875   , 458738.03125 
151_D3_8678, 799711.875   , 458738.03125 
158_D3_25343_D3_1, 799906.75    , 458732.84375 
158_D3_7006_D3_1, 800224.5625  , 458715.21875 
158_D3_7007_D3_3, 800228.4375  , 458957.0625  
157_D3_39540_D3_2, 805073.125   , 461342.8125  
157_D3_39541_D3_1, 805245.8125  , 461344.0625  
154_D3_100, 805245.8125  , 461344.0625  
157_D3_10362_D3_1, 805918.6875  , 461395.40625 
157_D3_10363_D3_1, 806458.375   , 461401.5     
157_D3_10013_D3_1, 806394.0625  , 461287.65625 
157_D3_10231_D3_1, 806991.125   , 461269.5     
157_D3_10232_D3_1, 807202.75    , 461273.375   
157_D3_10233_D3_1, 807152.6875  , 460604.78125 
157_D3_10238_D3_1, 808323.5     , 461300.53125 
157_D3_10353_D3_1, 809091.375   , 461375.34375 
157_D3_10354_D3_1, 809403.5     , 461385.78125 
157_D3_10349_D3_1, 809534.4375  , 461386.1875  
157_D3_10350_D3_1, 809649.125   , 461049.59375 
157_D3_10351_D3_1, 809404.5625  , 461335.40625 
157_D3_10352_D3_1, 809402.25    , 460796.90625 
157_D3_10355_D3_1, 808322.875   , 461106.28125 
157_D3_10356_D3_1, 808321.3125  , 460387.40625 
157_D3_10360_D3_1, 807245.6875  , 461300.90625 
157_D3_10361_D3_1, 807372.1875  , 461516.25    
157_D3_10234_D3_1, 807627.6875  , 461427.46875 
157_D3_10235_D3_1, 807522.375   , 461787.875   
157_D3_10236_D3_1, 807628.5625  , 461982.90625 
157_D3_10237_D3_1, 807676.25    , 461734.3125  
157_D3_10358_D3_1, 807182.0625  , 461613.15625 
157_D3_10359_D3_1, 807292.8125  , 461803.1875  
157_D3_10357_D3_1, 807381.5625  , 461957.3125  
157_D3_37128_D3_1, 807490.0625  , 462149.90625 
157_D3_37129_D3_1, 807544.1875  , 462248.375   
157_D3_10364_D3_1, 806275.9375  , 461084.125   
157_D3_10365_D3_1, 806121.4375  , 460829       
157_D3_10018_D3_1, 805939       , 460832.34375 
157_D3_10019_D3_1, 806059       , 460724.75    
157_D3_10014_D3_1, 806511.6875  , 461499.53125 
151_D3_628, 806511.6875  , 461499.53125 
157_D3_10240_D3_1, 808013.9375  , 464048.9375  
157_D3_10251_D3_1, 808287.5     , 463804.375   
157_D3_10252_D3_1, 808391.5625  , 463724.25    
157_D3_10253_D3_1, 808732.5625  , 464319.09375 
157_D3_10346_D3_1, 808202.1875  , 463394.125   
157_D3_10347_D3_1, 808033       , 463097.84375 
157_D3_10269_D3_1, 808322.5     , 464573.375   
157_D3_26376_D3_1, 808523.6875  , 464918.96875 
157_D3_26377_D3_1, 808718.4375  , 465248.28125 
157_D3_10258_D3_1, 809092.5625  , 465474.84375 
157_D3_10260_D3_1, 809145.9375  , 465442.6875  
157_D3_29483_D3_1, 809324.8125  , 465353.3125  
157_D3_29482_D3_1, 809106.625   , 464978.90625 
157_D3_29484_D3_1, 809555.3125  , 465343.75    
157_D3_10345_D3_1, 810283.125   , 465357.15625 
157_D3_10261_D3_1, 810781.3125  , 465361.90625 
157_D3_10262_D3_1, 810281.875   , 464647.3125  
157_D3_10272_D3_1, 809080.1875  , 465869.5625  
151_D3_630, 809080.1875  , 465869.5625  
157_D3_10273_D3_1, 809091.625   , 465888.65625 
157_D3_10341_D3_1, 809190.25    , 466049.3125  
157_D3_10263_D3_1, 809353.1875  , 465932.03125 
157_D3_10264_D3_1, 809556.375   , 466667.1875  
157_D3_10265_D3_1, 809110.6875  , 466668.1875  
157_D3_10265_D3_2, 808331.4375  , 466664.03125 
157_D3_10266_D3_1, 808298.4375  , 466632.53125 
157_D3_10336_D3_1, 808296.8125  , 466539.40625 
157_D3_10337_D3_1, 808302.375   , 466258.5625  
157_D3_10267_D3_1, 807968.0625  , 466538.90625 
157_D3_10338_D3_1, 808303.0625  , 466057.75    
157_D3_10339_D3_1, 808303.625   , 465692.40625 
157_D3_9985_D3_1, 810644.75    , 468521.96875 
157_D3_9986_D3_1, 810779.3125  , 468752.875   
157_D3_9907_D3_3, 805734.9375  , 453980.40625 
151_D3_618, 805734.9375  , 453980.40625 
157_D3_9922_D3_1, 805737       , 454180.875   
157_D3_9923_D3_1, 805734.0625  , 454636.625   
157_D3_9909_D3_1, 805485.1875  , 454781.96875 
157_D3_39753_D3_2, 805733.3125  , 454974.78125 
157_D3_68767_D3_1, 805732.625   , 454975.625   
157_D3_39754_D3_2, 805728.8125  , 455480.1875  
157_D3_10376_D3_1, 805878.375   , 455740.03125 
157_D3_10374_D3_1, 806010.625   , 455965.40625 
157_D3_9910_D3_1, 806121.6875  , 456260.4375  
157_D3_9911_D3_1, 804862.5625  , 456622.34375 
157_D3_9912_D3_1, 804723.3125  , 456385.09375 
157_D3_9913_D3_1, 804867.125   , 456179.15625 
157_D3_9914_D3_1, 804430.3125  , 455866.25    
157_D3_9915_D3_1, 804723.9375  , 456706.1875  
157_D3_9916_D3_1, 804494.9375  , 456310.65625 
157_D3_9918_D3_1, 804449.1875  , 456859.5625  
157_D3_9917_D3_1, 804313.75    , 457133.125   
151_D3_617, 804313.75    , 457133.125   
157_D3_10383_D3_1, 804320.3125  , 457147.125   
157_D3_10384_D3_1, 804364.3125  , 457218.375   
157_D3_9991_D3_1, 804478.5625  , 457426.75    
157_D3_10015_D3_1, 804704.625   , 457826.3125  
157_D3_10016_D3_1, 804717.4375  , 457838.1875  
157_D3_10017_D3_1, 804962.3125  , 457702.3125  
157_D3_10373_D3_1, 805222.25    , 457556.21875 
157_D3_10208_D3_1, 805456.6875  , 457967.1875  
157_D3_10371_D3_1, 804627.8125  , 458190.8125  
157_D3_10372_D3_1, 804373.6875  , 458334.75    
157_D3_10210_D3_1, 804258.625   , 458895.25    
157_D3_10211_D3_1, 804609.125   , 458907.53125 
157_D3_10212_D3_1, 804801.625   , 458912.71875 
157_D3_10213_D3_1, 804856.4375  , 458915.03125 
157_D3_78391_D3_3, 804609.375   , 458902.46875 
155_D3_23104, 804609.375   , 458902.46875 
158_D3_2270_D3_4, 804610.5625  , 458587.84375 
157_D3_36122_D3_1, 804255.0625  , 459413.75    
157_D3_36123_D3_1, 804257.625   , 459646.3125  
157_D3_10215_D3_1, 804589.8125  , 459446.375   
157_D3_10020_D3_1, 804828.875   , 459301.3125  
157_D3_10021_D3_1, 804763.4375  , 459759.59375 
157_D3_9974_D3_1, 804828.9375  , 459718.5625  
157_D3_9975_D3_1, 804942.375   , 459645.6875  
157_D3_9976_D3_1, 805149.8125  , 459524.875   
157_D3_10022_D3_1, 804879.9375  , 459951.34375 
157_D3_9977_D3_1, 805003.875   , 460166.6875  
157_D3_9978_D3_1, 805082.0625  , 460298.75    
157_D3_10387_D3_1, 805020.875   , 459866.96875 
157_D3_10388_D3_1, 805226.375   , 459742.09375 
157_D3_10520_D3_1, 805541.25    , 459829.8125  
157_D3_10521_D3_1, 805652.3125  , 460019.8125  
157_D3_9979_D3_1, 805441.25    , 460143.4375  
157_D3_9982_D3_1, 805256.1875  , 460253.875   
157_D3_10221_D3_1, 805939.6875  , 459853.59375 
157_D3_78392_D3_1, 805536       , 459830.0625  
155_D3_23105, 805536       , 459830.0625  
158_D3_8924_D3_1, 805374.1875  , 459928.75    
157_D3_10216_D3_1, 804259       , 460668.5     
157_D3_10217_D3_1, 804344       , 460638.0625  
157_D3_10218_D3_1, 804258.4375  , 461312.03125 
151_D3_621, 804258.4375  , 461312.03125 
157_D3_10246_D3_1, 804474.1875  , 461350.75    
157_D3_10247_D3_1, 804608.6875  , 461351.75    
157_D3_10245_D3_1, 804786.9375  , 461340.53125 
157_D3_10243_D3_1, 804829.875   , 461646.9375  
157_D3_10244_D3_1, 804847.875   , 461881.625   
157_D3_39540_D3_1, 805070.625   , 461342.78125 
ADAM_D4, 805075.625   , 461347.78125 
151_D3_10712, 750679.9375  , 446074.375   
151_D3_8676, 799715       , 458738.03125 
